id,way,df1,df2,f stat,f_crit,pvalue,alpha,Reject
ANOVA,1,3,16,72.68110276563397,3.238871517453585,1.543552174965157e-09,0.05,True


id,Test,Group 1,Group 2,Size 1,Size 2,muDiff,t stat,pvalue,tails,DF,alpha
FisherLSD,Protected,Waters,Thermo,5,5,16.799999999999272,0.014871533706205513,0.9883185337403073,2,16,0.05
,,Waters,TECAN,5,5,4139.600000000002,3.6644167220363717,0.0020939687920955574,,,
,,Waters,ProtiFi,5,5,-11665.8,-10.326686780348798,1.7530264795340145e-08,,,
,,Thermo,TECAN,5,5,4122.800000000003,3.6495451883301664,0.002160791994906708,,,
,,Thermo,ProtiFi,5,5,-11682.599999999999,-10.341558314055002,1.7179888844864877e-08,,,
,,TECAN,ProtiFi,5,5,-15805.400000000001,-13.991103502385169,2.1605450761796874e-10,,,


id,Test,Group 1,Group 2,Size 1,Size 2,muDiff,t stat,pvalue,tails,DF,alpha,Reject
Holm-Sidak,Protected,Waters,Thermo,5,5,16.799999999999272,0.014871533706205513,0.9883185337403073,2,16,0.05,False
,,Waters,TECAN,5,5,4139.600000000002,3.6644167220363717,0.006268761441815873,,,,True
,,Waters,ProtiFi,5,5,-11665.8,-10.326686780348798,8.589944122672222e-08,,,,True
,,Thermo,TECAN,5,5,4122.800000000003,3.6495451883301664,0.006268761441815873,,,,True
,,Thermo,ProtiFi,5,5,-11682.599999999999,-10.341558314055002,8.589944122672222e-08,,,,True
,,TECAN,ProtiFi,5,5,-15805.400000000001,-13.991103502385169,1.2963270457078124e-09,,,,True


