id,way,df1,df2,f stat,f_crit,pvalue,alpha,Reject
ANOVA,1,3,1586,14.952277281933709,2.6105130037991753,1.336700972132121e-09,0.05,True


id,Test,Group 1,Group 2,Size 1,Size 2,muDiff,t stat,pvalue,tails,DF,alpha
FisherLSD,Protected,Waters,Thermo,404,284,-0.22802351141421262,-3.5749232434341023,0.0003608287373406682,2,1586,0.05
,,Waters,TECAN,404,140,-0.0521305665994074,-0.6453259875065428,0.5188092971526035,,,
,,Waters,ProtiFi,404,762,0.146058958746198,2.881234139926307,0.00401448648321856,,,
,,Thermo,TECAN,284,140,0.17589294481480522,2.0678552669250703,0.03881546306751771,,,
,,Thermo,ProtiFi,284,762,0.37408247016041063,6.532352761281254,8.697020881243134e-11,,,
,,TECAN,ProtiFi,140,762,0.1981895253456054,2.616678651432529,0.008963339604191933,,,


id,Test,Group 1,Group 2,Size 1,Size 2,muDiff,t stat,pvalue,tails,DF,alpha,Reject
Holm-Sidak,Protected,Waters,Thermo,404,284,-0.22802351141421262,-3.5749232434341023,0.0018028421826312702,2,1586,0.05,True
,,Waters,TECAN,404,140,-0.0521305665994074,-0.6453259875065428,0.5188092971526035,,,,False
,,Waters,ProtiFi,404,762,0.146058958746198,2.881234139926307,0.015961507854291956,,,,True
,,Thermo,TECAN,284,140,0.17589294481480522,2.0678552669250703,0.07612428596188958,,,,False
,,Thermo,ProtiFi,284,762,0.37408247016041063,6.532352761281254,5.21821252874588e-10,,,,True
,,TECAN,ProtiFi,140,762,0.1981895253456054,2.616678651432529,0.026649714569757732,,,,True


