id,way,df1,df2,f stat,f_crit,pvalue,alpha,Reject
ANOVA,1,3,16,117.66700315240479,3.238871517453585,4.090261462863509e-11,0.05,True


id,Test,Group 1,Group 2,Size 1,Size 2,muDiff,t stat,pvalue,tails,DF,alpha
FisherLSD,Protected,Waters,Thermo,5,5,6.799999999999727,0.0922916884823959,0.927611991379405,2,16,0.05
,,Waters,TECAN,5,5,291.0,3.949541374761512,0.0011475909012308438,,,
,,Waters,ProtiFi,5,5,-998.0000000000005,-13.545162515505124,3.492102162994115e-10,,,
,,Thermo,TECAN,5,5,284.2000000000003,3.857249686279116,0.0013938570014058183,,,
,,Thermo,ProtiFi,5,5,-1004.8000000000002,-13.63745420398752,3.158315831086611e-10,,,
,,TECAN,ProtiFi,5,5,-1289.0000000000005,-17.494703890266635,7.452927164308676e-12,,,


id,Test,Group 1,Group 2,Size 1,Size 2,muDiff,t stat,pvalue,tails,DF,alpha,Reject
Holm-Sidak,Protected,Waters,Thermo,5,5,6.799999999999727,0.0922916884823959,0.927611991379405,2,16,0.05,False
,,Waters,TECAN,5,5,291.0,3.949541374761512,0.0034388233203996865,,,,True
,,Waters,ProtiFi,5,5,-998.0000000000005,-13.545162515505124,1.5791579155433055e-09,,,,True
,,Thermo,TECAN,5,5,284.2000000000003,3.857249686279116,0.0034388233203996865,,,,True
,,Thermo,ProtiFi,5,5,-1004.8000000000002,-13.63745420398752,1.5791579155433055e-09,,,,True
,,TECAN,ProtiFi,5,5,-1289.0000000000005,-17.494703890266635,4.4717562985852055e-11,,,,True


