id,way,df1,df2,f stat,f_crit,pvalue,alpha,Reject
ANOVA,1,3,774,15.582799565524954,2.6164075756079614,7.532875434534958e-10,0.05,True


id,Test,Group 1,Group 2,Size 1,Size 2,muDiff,t stat,pvalue,tails,DF,alpha
FisherLSD,Protected,Waters,Thermo,170,134,-0.09950009089026146,-1.2356062060787176,0.21697986556393167,2,774,0.05
,,Waters,TECAN,170,61,0.06262357241171745,0.6019185980622677,0.5474045951909572,,,
,,Waters,ProtiFi,170,413,0.30625719575468136,4.821343188709354,1.7168749082419055e-06,,,
,,Thermo,TECAN,134,61,0.16212366330197892,1.5057849592883148,0.13253036265022788,,,
,,Thermo,ProtiFi,134,413,0.4057572866449428,5.854861485401694,7.05197189532214e-09,,,
,,TECAN,ProtiFi,61,413,0.2436336233429639,2.548029971084757,0.011025480617540495,,,


id,Test,Group 1,Group 2,Size 1,Size 2,muDiff,t stat,pvalue,tails,DF,alpha,Reject
Holm-Sidak,Protected,Waters,Thermo,170,134,-0.09950009089026146,-1.2356062060787176,0.3868794690677215,2,774,0.05,False
,,Waters,TECAN,170,61,0.06262357241171745,0.6019185980622677,0.5474045951909572,,,,False
,,Waters,ProtiFi,170,413,0.30625719575468136,4.821343188709354,8.584345064677201e-06,,,,True
,,Thermo,TECAN,134,61,0.16212366330197892,1.5057849592883148,0.3472259995323945,,,,False
,,Thermo,ProtiFi,134,413,0.4057572866449428,5.854861485401694,4.231183059477672e-08,,,,True
,,TECAN,ProtiFi,61,413,0.2436336233429639,2.548029971084757,0.04337790143956988,,,,True


