id,way,df1,df2,f stat,f_crit,pvalue,alpha,Reject
ANOVA,1,3,15709,8.157695118346602,2.605474393966117,2.0072656149450196e-05,0.05,True


id,Test,Group 1,Group 2,Size 1,Size 2,muDiff,t stat,pvalue,tails,DF,alpha
FisherLSD,Protected,Waters,Thermo,3742,3709,-0.032705330278099076,-1.9202456857340964,0.05484495874510875,2,15709,0.05
,,Waters,TECAN,3742,3443,-0.02384653985112184,-1.3737180998461458,0.16954881777174702,,,
,,Waters,ProtiFi,3742,4819,-0.07630207861125271,-4.763977564595933,1.9151041315002004e-06,,,
,,Thermo,TECAN,3709,3443,0.008858790426977237,0.5092403817460974,0.610590893854492,,,
,,Thermo,ProtiFi,3709,4819,-0.043596748333153634,-2.7152049379915955,0.006630714672186899,,,
,,TECAN,ProtiFi,3443,4819,-0.05245553876013087,-3.1978711674998337,0.0013872055896970714,,,


id,Test,Group 1,Group 2,Size 1,Size 2,muDiff,t stat,pvalue,tails,DF,alpha,Reject
Holm-Sidak,Protected,Waters,Thermo,3742,3709,-0.032705330278099076,-1.9202456857340964,0.1556759396991887,2,15709,0.05,False
,,Waters,TECAN,3742,3443,-0.02384653985112184,-1.3737180998461458,0.31035083393569696,,,,False
,,Waters,ProtiFi,3742,4819,-0.07630207861125271,-4.763977564595933,1.1490569774785797e-05,,,,True
,,Thermo,TECAN,3709,3443,0.008858790426977237,0.5092403817460974,0.610590893854492,,,,False
,,Thermo,ProtiFi,3709,4819,-0.043596748333153634,-2.7152049379915955,0.026260224607327465,,,,True
,,TECAN,ProtiFi,3443,4819,-0.05245553876013087,-3.1978711674998337,0.006916811231037268,,,,True


