id,way,df1,df2,f stat,f_crit,pvalue,alpha,Reject
ANOVA,1,3,12,15.380925207052938,3.490294819497605,0.00020560901314314872,0.05,True


id,Test,Group 1,Group 2,Size 1,Size 2,muDiff,t stat,pvalue,tails,DF,alpha
FisherLSD,Protected,Waters 0m,Thermo 0m,4,4,-5862.25,-2.735676804789767,0.018075491164570412,2,12,0.05
,,Waters 0m,TECAN 0m,4,4,-1281.0,-0.5977912895109713,0.5610915154392178,,,
,,Waters 0m,ProtiFi 0m,4,4,-13148.0,-6.135643930125098,5.055026799261064e-05,,,
,,Thermo 0m,TECAN 0m,4,4,4581.25,2.137885515278796,0.05379350916275061,,,
,,Thermo 0m,ProtiFi 0m,4,4,-7285.75,-3.399967125335331,0.005270031394543295,,,
,,TECAN 0m,ProtiFi 0m,4,4,-11867.0,-5.537852640614127,0.00012823971869435624,,,


id,Test,Group 1,Group 2,Size 1,Size 2,muDiff,t stat,pvalue,tails,DF,alpha,Reject
Holm-Sidak,Protected,Waters 0m,Thermo 0m,4,4,-5862.25,-2.735676804789767,0.05325220903677352,2,12,0.05,False
,,Waters 0m,TECAN 0m,4,4,-1281.0,-0.5977912895109713,0.5610915154392178,,,,False
,,Waters 0m,ProtiFi 0m,4,4,-13148.0,-6.135643930125098,0.0003032632805951563,,,,True
,,Thermo 0m,TECAN 0m,4,4,4581.25,2.137885515278796,0.10469327669745832,,,,False
,,Thermo 0m,ProtiFi 0m,4,4,-7285.75,-3.399967125335331,0.02091407088461905,,,,True
,,TECAN 0m,ProtiFi 0m,4,4,-11867.0,-5.537852640614127,0.0006410341603054759,,,,True


