id,way,df1,df2,f stat,f_crit,pvalue,alpha,Reject
ANOVA,1,3,12,35.38811099883832,3.490294819497605,3.0735387712699236e-06,0.05,True


id,Test,Group 1,Group 2,Size 1,Size 2,muDiff,t stat,pvalue,tails,DF,alpha
FisherLSD,Protected,Waters 0m,Thermo 0m,4,4,72.0,1.8495580193911787,0.08914790468721012,2,12,0.05
,,Waters 0m,TECAN 0m,4,4,84.5,2.170661842202147,0.05073478064229309,,,
,,Waters 0m,ProtiFi 0m,4,4,-266.75,-6.852355578786068,1.7663042782389837e-05,,,
,,Thermo 0m,TECAN 0m,4,4,12.5,0.32110382281096855,0.753655244915161,,,
,,Thermo 0m,ProtiFi 0m,4,4,-338.75,-8.701913598177248,1.5734393430388849e-06,,,
,,TECAN 0m,ProtiFi 0m,4,4,-351.25,-9.023017420988216,1.0746981269349476e-06,,,


id,Test,Group 1,Group 2,Size 1,Size 2,muDiff,t stat,pvalue,tails,DF,alpha,Reject
Holm-Sidak,Protected,Waters 0m,Thermo 0m,4,4,72.0,1.8495580193911787,0.1703484604643003,2,12,0.05,False
,,Waters 0m,TECAN 0m,4,4,84.5,2.170661842202147,0.14461288026333052,,,,False
,,Waters 0m,ProtiFi 0m,4,4,-266.75,-6.852355578786068,7.065029925312771e-05,,,,True
,,Thermo 0m,TECAN 0m,4,4,12.5,0.32110382281096855,0.753655244915161,,,,False
,,Thermo 0m,ProtiFi 0m,4,4,-338.75,-8.701913598177248,7.867171958109154e-06,,,,True
,,TECAN 0m,ProtiFi 0m,4,4,-351.25,-9.023017420988216,6.4481714370234755e-06,,,,True


